{"ContentRoots":["G:\\source\\repos\\Core\\MVC\\wwwroot\\","G:\\source\\repos\\Core\\MVC\\obj\\Release\\net7.0\\linux-x64\\scopedcss\\bundle\\"],"Root":{"Children":{"Content":{"Children":{"Icons":{"Children":{"add.png":{"Children":null,"Asset":{"ContentRootIndex":0,"SubPath":"Content/Icons/add.png"},"Patterns":null},"AddFrom.jfif":{"Children":null,"Asset":{"ContentRootIndex":0,"SubPath":"Content/Icons/AddFrom.jfif"},"Patterns":null},"AddFrom.png":{"Children":null,"Asset":{"ContentRootIndex":0,"SubPath":"Content/Icons/AddFrom.png"},"Patterns":null},"calendar.png":{"Children":null,"Asset":{"ContentRootIndex":0,"SubPath":"Content/Icons/calendar.png"},"Patterns":null},"checked.png":{"Children":null,"Asset":{"ContentRootIndex":0,"SubPath":"Content/Icons/checked.png"},"Patterns":null},"Created.png":{"Children":null,"Asset":{"ContentRootIndex":0,"SubPath":"Content/Icons/Created.png"},"Patterns":null},"Discard.png":{"Children":null,"Asset":{"ContentRootIndex":0,"SubPath":"Content/Icons/Discard.png"},"Patterns":null},"Edit.png":{"Children":null,"Asset":{"ContentRootIndex":0,"SubPath":"Content/Icons/Edit.png"},"Patterns":null},"excel.jpg":{"Children":null,"Asset":{"ContentRootIndex":0,"SubPath":"Content/Icons/excel.jpg"},"Patterns":null},"filter.png":{"Children":null,"Asset":{"ContentRootIndex":0,"SubPath":"Content/Icons/filter.png"},"Patterns":null},"next.png":{"Children":null,"Asset":{"ContentRootIndex":0,"SubPath":"Content/Icons/next.png"},"Patterns":null},"prev.png":{"Children":null,"Asset":{"ContentRootIndex":0,"SubPath":"Content/Icons/prev.png"},"Patterns":null},"ready.png":{"Children":null,"Asset":{"ContentRootIndex":0,"SubPath":"Content/Icons/ready.png"},"Patterns":null},"refresh.png":{"Children":null,"Asset":{"ContentRootIndex":0,"SubPath":"Content/Icons/refresh.png"},"Patterns":null},"remove.png":{"Children":null,"Asset":{"ContentRootIndex":0,"SubPath":"Content/Icons/remove.png"},"Patterns":null},"save.jpg":{"Children":null,"Asset":{"ContentRootIndex":0,"SubPath":"Content/Icons/save.jpg"},"Patterns":null},"unChecked.png":{"Children":null,"Asset":{"ContentRootIndex":0,"SubPath":"Content/Icons/unChecked.png"},"Patterns":null}},"Asset":null,"Patterns":null},"Images":{"Children":{"item1.PNG":{"Children":null,"Asset":{"ContentRootIndex":0,"SubPath":"Content/Images/item1.PNG"},"Patterns":null},"item2.PNG":{"Children":null,"Asset":{"ContentRootIndex":0,"SubPath":"Content/Images/item2.PNG"},"Patterns":null},"item3.PNG":{"Children":null,"Asset":{"ContentRootIndex":0,"SubPath":"Content/Images/item3.PNG"},"Patterns":null},"Item4.PNG":{"Children":null,"Asset":{"ContentRootIndex":0,"SubPath":"Content/Images/Item4.PNG"},"Patterns":null},"loading.gif":{"Children":null,"Asset":{"ContentRootIndex":0,"SubPath":"Content/Images/loading.gif"},"Patterns":null},"logos":{"Children":{"logo_1.svg":{"Children":null,"Asset":{"ContentRootIndex":0,"SubPath":"Content/Images/logos/logo_1.svg"},"Patterns":null},"logo_10.svg":{"Children":null,"Asset":{"ContentRootIndex":0,"SubPath":"Content/Images/logos/logo_10.svg"},"Patterns":null},"logo_2.svg":{"Children":null,"Asset":{"ContentRootIndex":0,"SubPath":"Content/Images/logos/logo_2.svg"},"Patterns":null},"logo_3.svg":{"Children":null,"Asset":{"ContentRootIndex":0,"SubPath":"Content/Images/logos/logo_3.svg"},"Patterns":null},"logo_4.svg":{"Children":null,"Asset":{"ContentRootIndex":0,"SubPath":"Content/Images/logos/logo_4.svg"},"Patterns":null},"logo_6.svg":{"Children":null,"Asset":{"ContentRootIndex":0,"SubPath":"Content/Images/logos/logo_6.svg"},"Patterns":null},"logo_7.svg":{"Children":null,"Asset":{"ContentRootIndex":0,"SubPath":"Content/Images/logos/logo_7.svg"},"Patterns":null},"logo_8.svg":{"Children":null,"Asset":{"ContentRootIndex":0,"SubPath":"Content/Images/logos/logo_8.svg"},"Patterns":null},"logo_9.svg":{"Children":null,"Asset":{"ContentRootIndex":0,"SubPath":"Content/Images/logos/logo_9.svg"},"Patterns":null}},"Asset":null,"Patterns":null}},"Asset":null,"Patterns":null},"Layout.css":{"Children":null,"Asset":{"ContentRootIndex":0,"SubPath":"Content/Layout.css"},"Patterns":null},"modal.CSS":{"Children":null,"Asset":{"ContentRootIndex":0,"SubPath":"Content/modal.CSS"},"Patterns":null},"Properties":{"Children":{"toolbar.css":{"Children":null,"Asset":{"ContentRootIndex":0,"SubPath":"Content/Properties/toolbar.css"},"Patterns":null}},"Asset":null,"Patterns":null},"Site.css":{"Children":null,"Asset":{"ContentRootIndex":0,"SubPath":"Content/Site.css"},"Patterns":null},"Sounds":{"Children":{"bad-beep.mp3":{"Children":null,"Asset":{"ContentRootIndex":0,"SubPath":"Content/Sounds/bad-beep.mp3"},"Patterns":null},"code-found.mp3":{"Children":null,"Asset":{"ContentRootIndex":0,"SubPath":"Content/Sounds/code-found.mp3"},"Patterns":null}},"Asset":null,"Patterns":null},"vueError.css":{"Children":null,"Asset":{"ContentRootIndex":0,"SubPath":"Content/vueError.css"},"Patterns":null}},"Asset":null,"Patterns":null},"css":{"Children":{"site.css":{"Children":null,"Asset":{"ContentRootIndex":0,"SubPath":"css/site.css"},"Patterns":null}},"Asset":null,"Patterns":null},"fonts":{"Children":{"materialdesignicons-webfont.eot":{"Children":null,"Asset":{"ContentRootIndex":0,"SubPath":"fonts/materialdesignicons-webfont.eot"},"Patterns":null},"materialdesignicons-webfont.ttf":{"Children":null,"Asset":{"ContentRootIndex":0,"SubPath":"fonts/materialdesignicons-webfont.ttf"},"Patterns":null},"materialdesignicons-webfont.woff":{"Children":null,"Asset":{"ContentRootIndex":0,"SubPath":"fonts/materialdesignicons-webfont.woff"},"Patterns":null},"materialdesignicons-webfont.woff2":{"Children":null,"Asset":{"ContentRootIndex":0,"SubPath":"fonts/materialdesignicons-webfont.woff2"},"Patterns":null}},"Asset":null,"Patterns":null},"img":{"Children":{"item1.PNG":{"Children":null,"Asset":{"ContentRootIndex":0,"SubPath":"img/item1.PNG"},"Patterns":null},"item2.PNG":{"Children":null,"Asset":{"ContentRootIndex":0,"SubPath":"img/item2.PNG"},"Patterns":null},"item3.PNG":{"Children":null,"Asset":{"ContentRootIndex":0,"SubPath":"img/item3.PNG"},"Patterns":null},"Item4.PNG":{"Children":null,"Asset":{"ContentRootIndex":0,"SubPath":"img/Item4.PNG"},"Patterns":null},"loading.gif":{"Children":null,"Asset":{"ContentRootIndex":0,"SubPath":"img/loading.gif"},"Patterns":null}},"Asset":null,"Patterns":null},"js":{"Children":{"answerJournal.js":{"Children":null,"Asset":{"ContentRootIndex":0,"SubPath":"js/answerJournal.js"},"Patterns":null},"codePopup.js":{"Children":null,"Asset":{"ContentRootIndex":0,"SubPath":"js/codePopup.js"},"Patterns":null},"dxBase.js":{"Children":null,"Asset":{"ContentRootIndex":0,"SubPath":"js/dxBase.js"},"Patterns":null},"questionniaireJournal.js":{"Children":null,"Asset":{"ContentRootIndex":0,"SubPath":"js/questionniaireJournal.js"},"Patterns":null},"site.js":{"Children":null,"Asset":{"ContentRootIndex":0,"SubPath":"js/site.js"},"Patterns":null},"userJournal.js":{"Children":null,"Asset":{"ContentRootIndex":0,"SubPath":"js/userJournal.js"},"Patterns":null}},"Asset":null,"Patterns":null},"lib":{"Children":{"bootstrap":{"Children":{"dist":{"Children":{"css":{"Children":{"bootstrap-grid.css":{"Children":null,"Asset":{"ContentRootIndex":0,"SubPath":"lib/bootstrap/dist/css/bootstrap-grid.css"},"Patterns":null},"bootstrap-grid.css.map":{"Children":null,"Asset":{"ContentRootIndex":0,"SubPath":"lib/bootstrap/dist/css/bootstrap-grid.css.map"},"Patterns":null},"bootstrap-grid.min.css":{"Children":null,"Asset":{"ContentRootIndex":0,"SubPath":"lib/bootstrap/dist/css/bootstrap-grid.min.css"},"Patterns":null},"bootstrap-grid.min.css.map":{"Children":null,"Asset":{"ContentRootIndex":0,"SubPath":"lib/bootstrap/dist/css/bootstrap-grid.min.css.map"},"Patterns":null},"bootstrap-grid.rtl.css":{"Children":null,"Asset":{"ContentRootIndex":0,"SubPath":"lib/bootstrap/dist/css/bootstrap-grid.rtl.css"},"Patterns":null},"bootstrap-grid.rtl.css.map":{"Children":null,"Asset":{"ContentRootIndex":0,"SubPath":"lib/bootstrap/dist/css/bootstrap-grid.rtl.css.map"},"Patterns":null},"bootstrap-grid.rtl.min.css":{"Children":null,"Asset":{"ContentRootIndex":0,"SubPath":"lib/bootstrap/dist/css/bootstrap-grid.rtl.min.css"},"Patterns":null},"bootstrap-grid.rtl.min.css.map":{"Children":null,"Asset":{"ContentRootIndex":0,"SubPath":"lib/bootstrap/dist/css/bootstrap-grid.rtl.min.css.map"},"Patterns":null},"bootstrap-reboot.css":{"Children":null,"Asset":{"ContentRootIndex":0,"SubPath":"lib/bootstrap/dist/css/bootstrap-reboot.css"},"Patterns":null},"bootstrap-reboot.css.map":{"Children":null,"Asset":{"ContentRootIndex":0,"SubPath":"lib/bootstrap/dist/css/bootstrap-reboot.css.map"},"Patterns":null},"bootstrap-reboot.min.css":{"Children":null,"Asset":{"ContentRootIndex":0,"SubPath":"lib/bootstrap/dist/css/bootstrap-reboot.min.css"},"Patterns":null},"bootstrap-reboot.min.css.map":{"Children":null,"Asset":{"ContentRootIndex":0,"SubPath":"lib/bootstrap/dist/css/bootstrap-reboot.min.css.map"},"Patterns":null},"bootstrap-reboot.rtl.css":{"Children":null,"Asset":{"ContentRootIndex":0,"SubPath":"lib/bootstrap/dist/css/bootstrap-reboot.rtl.css"},"Patterns":null},"bootstrap-reboot.rtl.css.map":{"Children":null,"Asset":{"ContentRootIndex":0,"SubPath":"lib/bootstrap/dist/css/bootstrap-reboot.rtl.css.map"},"Patterns":null},"bootstrap-reboot.rtl.min.css":{"Children":null,"Asset":{"ContentRootIndex":0,"SubPath":"lib/bootstrap/dist/css/bootstrap-reboot.rtl.min.css"},"Patterns":null},"bootstrap-reboot.rtl.min.css.map":{"Children":null,"Asset":{"ContentRootIndex":0,"SubPath":"lib/bootstrap/dist/css/bootstrap-reboot.rtl.min.css.map"},"Patterns":null},"bootstrap-utilities.css":{"Children":null,"Asset":{"ContentRootIndex":0,"SubPath":"lib/bootstrap/dist/css/bootstrap-utilities.css"},"Patterns":null},"bootstrap-utilities.css.map":{"Children":null,"Asset":{"ContentRootIndex":0,"SubPath":"lib/bootstrap/dist/css/bootstrap-utilities.css.map"},"Patterns":null},"bootstrap-utilities.min.css":{"Children":null,"Asset":{"ContentRootIndex":0,"SubPath":"lib/bootstrap/dist/css/bootstrap-utilities.min.css"},"Patterns":null},"bootstrap-utilities.min.css.map":{"Children":null,"Asset":{"ContentRootIndex":0,"SubPath":"lib/bootstrap/dist/css/bootstrap-utilities.min.css.map"},"Patterns":null},"bootstrap-utilities.rtl.css":{"Children":null,"Asset":{"ContentRootIndex":0,"SubPath":"lib/bootstrap/dist/css/bootstrap-utilities.rtl.css"},"Patterns":null},"bootstrap-utilities.rtl.css.map":{"Children":null,"Asset":{"ContentRootIndex":0,"SubPath":"lib/bootstrap/dist/css/bootstrap-utilities.rtl.css.map"},"Patterns":null},"bootstrap-utilities.rtl.min.css":{"Children":null,"Asset":{"ContentRootIndex":0,"SubPath":"lib/bootstrap/dist/css/bootstrap-utilities.rtl.min.css"},"Patterns":null},"bootstrap-utilities.rtl.min.css.map":{"Children":null,"Asset":{"ContentRootIndex":0,"SubPath":"lib/bootstrap/dist/css/bootstrap-utilities.rtl.min.css.map"},"Patterns":null},"bootstrap.css":{"Children":null,"Asset":{"ContentRootIndex":0,"SubPath":"lib/bootstrap/dist/css/bootstrap.css"},"Patterns":null},"bootstrap.css.map":{"Children":null,"Asset":{"ContentRootIndex":0,"SubPath":"lib/bootstrap/dist/css/bootstrap.css.map"},"Patterns":null},"bootstrap.min.css":{"Children":null,"Asset":{"ContentRootIndex":0,"SubPath":"lib/bootstrap/dist/css/bootstrap.min.css"},"Patterns":null},"bootstrap.min.css.map":{"Children":null,"Asset":{"ContentRootIndex":0,"SubPath":"lib/bootstrap/dist/css/bootstrap.min.css.map"},"Patterns":null},"bootstrap.rtl.css":{"Children":null,"Asset":{"ContentRootIndex":0,"SubPath":"lib/bootstrap/dist/css/bootstrap.rtl.css"},"Patterns":null},"bootstrap.rtl.css.map":{"Children":null,"Asset":{"ContentRootIndex":0,"SubPath":"lib/bootstrap/dist/css/bootstrap.rtl.css.map"},"Patterns":null},"bootstrap.rtl.min.css":{"Children":null,"Asset":{"ContentRootIndex":0,"SubPath":"lib/bootstrap/dist/css/bootstrap.rtl.min.css"},"Patterns":null},"bootstrap.rtl.min.css.map":{"Children":null,"Asset":{"ContentRootIndex":0,"SubPath":"lib/bootstrap/dist/css/bootstrap.rtl.min.css.map"},"Patterns":null}},"Asset":null,"Patterns":null},"js":{"Children":{"bootstrap.bundle.js":{"Children":null,"Asset":{"ContentRootIndex":0,"SubPath":"lib/bootstrap/dist/js/bootstrap.bundle.js"},"Patterns":null},"bootstrap.bundle.js.map":{"Children":null,"Asset":{"ContentRootIndex":0,"SubPath":"lib/bootstrap/dist/js/bootstrap.bundle.js.map"},"Patterns":null},"bootstrap.bundle.min.js":{"Children":null,"Asset":{"ContentRootIndex":0,"SubPath":"lib/bootstrap/dist/js/bootstrap.bundle.min.js"},"Patterns":null},"bootstrap.bundle.min.js.map":{"Children":null,"Asset":{"ContentRootIndex":0,"SubPath":"lib/bootstrap/dist/js/bootstrap.bundle.min.js.map"},"Patterns":null},"bootstrap.esm.js":{"Children":null,"Asset":{"ContentRootIndex":0,"SubPath":"lib/bootstrap/dist/js/bootstrap.esm.js"},"Patterns":null},"bootstrap.esm.js.map":{"Children":null,"Asset":{"ContentRootIndex":0,"SubPath":"lib/bootstrap/dist/js/bootstrap.esm.js.map"},"Patterns":null},"bootstrap.esm.min.js":{"Children":null,"Asset":{"ContentRootIndex":0,"SubPath":"lib/bootstrap/dist/js/bootstrap.esm.min.js"},"Patterns":null},"bootstrap.esm.min.js.map":{"Children":null,"Asset":{"ContentRootIndex":0,"SubPath":"lib/bootstrap/dist/js/bootstrap.esm.min.js.map"},"Patterns":null},"bootstrap.js":{"Children":null,"Asset":{"ContentRootIndex":0,"SubPath":"lib/bootstrap/dist/js/bootstrap.js"},"Patterns":null},"bootstrap.js.map":{"Children":null,"Asset":{"ContentRootIndex":0,"SubPath":"lib/bootstrap/dist/js/bootstrap.js.map"},"Patterns":null},"bootstrap.min.js":{"Children":null,"Asset":{"ContentRootIndex":0,"SubPath":"lib/bootstrap/dist/js/bootstrap.min.js"},"Patterns":null},"bootstrap.min.js.map":{"Children":null,"Asset":{"ContentRootIndex":0,"SubPath":"lib/bootstrap/dist/js/bootstrap.min.js.map"},"Patterns":null}},"Asset":null,"Patterns":null}},"Asset":null,"Patterns":null},"LICENSE":{"Children":null,"Asset":{"ContentRootIndex":0,"SubPath":"lib/bootstrap/LICENSE"},"Patterns":null}},"Asset":null,"Patterns":null},"dx":{"Children":{"Content.css":{"Children":null,"Asset":{"ContentRootIndex":0,"SubPath":"lib/dx/Content.css"},"Patterns":null},"dx.all.js":{"Children":null,"Asset":{"ContentRootIndex":0,"SubPath":"lib/dx/dx.all.js"},"Patterns":null},"dx.aspnet.data.js":{"Children":null,"Asset":{"ContentRootIndex":0,"SubPath":"lib/dx/dx.aspnet.data.js"},"Patterns":null},"dx.aspnet.mvc.js":{"Children":null,"Asset":{"ContentRootIndex":0,"SubPath":"lib/dx/dx.aspnet.mvc.js"},"Patterns":null},"dx.common.css":{"Children":null,"Asset":{"ContentRootIndex":0,"SubPath":"lib/dx/dx.common.css"},"Patterns":null},"dx.light.css":{"Children":null,"Asset":{"ContentRootIndex":0,"SubPath":"lib/dx/dx.light.css"},"Patterns":null},"grey.css":{"Children":null,"Asset":{"ContentRootIndex":0,"SubPath":"lib/dx/grey.css"},"Patterns":null},"Icons":{"Children":{"dxicons.ttf":{"Children":null,"Asset":{"ContentRootIndex":0,"SubPath":"lib/dx/Icons/dxicons.ttf"},"Patterns":null},"dxicons.woff":{"Children":null,"Asset":{"ContentRootIndex":0,"SubPath":"lib/dx/Icons/dxicons.woff"},"Patterns":null},"dxicons.woff2":{"Children":null,"Asset":{"ContentRootIndex":0,"SubPath":"lib/dx/Icons/dxicons.woff2"},"Patterns":null},"dxiconsios.ttf":{"Children":null,"Asset":{"ContentRootIndex":0,"SubPath":"lib/dx/Icons/dxiconsios.ttf"},"Patterns":null},"dxiconsios.woff":{"Children":null,"Asset":{"ContentRootIndex":0,"SubPath":"lib/dx/Icons/dxiconsios.woff"},"Patterns":null},"dxiconsios.woff2":{"Children":null,"Asset":{"ContentRootIndex":0,"SubPath":"lib/dx/Icons/dxiconsios.woff2"},"Patterns":null},"dxiconsmaterial.ttf":{"Children":null,"Asset":{"ContentRootIndex":0,"SubPath":"lib/dx/Icons/dxiconsmaterial.ttf"},"Patterns":null},"dxiconsmaterial.woff":{"Children":null,"Asset":{"ContentRootIndex":0,"SubPath":"lib/dx/Icons/dxiconsmaterial.woff"},"Patterns":null},"dxiconsmaterial.woff2":{"Children":null,"Asset":{"ContentRootIndex":0,"SubPath":"lib/dx/Icons/dxiconsmaterial.woff2"},"Patterns":null}},"Asset":null,"Patterns":null}},"Asset":null,"Patterns":null},"jquery-validation-unobtrusive":{"Children":{"jquery.validate.unobtrusive.js":{"Children":null,"Asset":{"ContentRootIndex":0,"SubPath":"lib/jquery-validation-unobtrusive/jquery.validate.unobtrusive.js"},"Patterns":null},"jquery.validate.unobtrusive.min.js":{"Children":null,"Asset":{"ContentRootIndex":0,"SubPath":"lib/jquery-validation-unobtrusive/jquery.validate.unobtrusive.min.js"},"Patterns":null},"LICENSE.txt":{"Children":null,"Asset":{"ContentRootIndex":0,"SubPath":"lib/jquery-validation-unobtrusive/LICENSE.txt"},"Patterns":null}},"Asset":null,"Patterns":null},"jquery-validation":{"Children":{"dist":{"Children":{"additional-methods.js":{"Children":null,"Asset":{"ContentRootIndex":0,"SubPath":"lib/jquery-validation/dist/additional-methods.js"},"Patterns":null},"additional-methods.min.js":{"Children":null,"Asset":{"ContentRootIndex":0,"SubPath":"lib/jquery-validation/dist/additional-methods.min.js"},"Patterns":null},"jquery.validate.js":{"Children":null,"Asset":{"ContentRootIndex":0,"SubPath":"lib/jquery-validation/dist/jquery.validate.js"},"Patterns":null},"jquery.validate.min.js":{"Children":null,"Asset":{"ContentRootIndex":0,"SubPath":"lib/jquery-validation/dist/jquery.validate.min.js"},"Patterns":null}},"Asset":null,"Patterns":null},"LICENSE.md":{"Children":null,"Asset":{"ContentRootIndex":0,"SubPath":"lib/jquery-validation/LICENSE.md"},"Patterns":null}},"Asset":null,"Patterns":null},"jquery":{"Children":{"dist":{"Children":{"jquery.js":{"Children":null,"Asset":{"ContentRootIndex":0,"SubPath":"lib/jquery/dist/jquery.js"},"Patterns":null},"jquery.min.js":{"Children":null,"Asset":{"ContentRootIndex":0,"SubPath":"lib/jquery/dist/jquery.min.js"},"Patterns":null},"jquery.min.map":{"Children":null,"Asset":{"ContentRootIndex":0,"SubPath":"lib/jquery/dist/jquery.min.map"},"Patterns":null}},"Asset":null,"Patterns":null},"LICENSE.txt":{"Children":null,"Asset":{"ContentRootIndex":0,"SubPath":"lib/jquery/LICENSE.txt"},"Patterns":null}},"Asset":null,"Patterns":null},"vue.js":{"Children":null,"Asset":{"ContentRootIndex":0,"SubPath":"lib/vue.js"},"Patterns":null},"zip.js":{"Children":null,"Asset":{"ContentRootIndex":0,"SubPath":"lib/zip.js"},"Patterns":null}},"Asset":null,"Patterns":null},"Scripts":{"Children":{"vue-apps":{"Children":{"css_questionnaire":{"Children":{"app.css":{"Children":null,"Asset":{"ContentRootIndex":0,"SubPath":"Scripts/vue-apps/css_questionnaire/app.css"},"Patterns":null},"chunk-vendors.css":{"Children":null,"Asset":{"ContentRootIndex":0,"SubPath":"Scripts/vue-apps/css_questionnaire/chunk-vendors.css"},"Patterns":null}},"Asset":null,"Patterns":null},"css_questionnaire_edit":{"Children":{"app.css":{"Children":null,"Asset":{"ContentRootIndex":0,"SubPath":"Scripts/vue-apps/css_questionnaire_edit/app.css"},"Patterns":null},"chunk-vendors.css":{"Children":null,"Asset":{"ContentRootIndex":0,"SubPath":"Scripts/vue-apps/css_questionnaire_edit/chunk-vendors.css"},"Patterns":null}},"Asset":null,"Patterns":null},"questionnaire":{"Children":{"css":{"Children":{"app.css":{"Children":null,"Asset":{"ContentRootIndex":0,"SubPath":"Scripts/vue-apps/questionnaire/css/app.css"},"Patterns":null},"chunk-vendors.css":{"Children":null,"Asset":{"ContentRootIndex":0,"SubPath":"Scripts/vue-apps/questionnaire/css/chunk-vendors.css"},"Patterns":null}},"Asset":null,"Patterns":null},"favicon.ico":{"Children":null,"Asset":{"ContentRootIndex":0,"SubPath":"Scripts/vue-apps/questionnaire/favicon.ico"},"Patterns":null},"fonts":{"Children":{"materialdesignicons-webfont.eot":{"Children":null,"Asset":{"ContentRootIndex":0,"SubPath":"Scripts/vue-apps/questionnaire/fonts/materialdesignicons-webfont.eot"},"Patterns":null},"materialdesignicons-webfont.ttf":{"Children":null,"Asset":{"ContentRootIndex":0,"SubPath":"Scripts/vue-apps/questionnaire/fonts/materialdesignicons-webfont.ttf"},"Patterns":null},"materialdesignicons-webfont.woff":{"Children":null,"Asset":{"ContentRootIndex":0,"SubPath":"Scripts/vue-apps/questionnaire/fonts/materialdesignicons-webfont.woff"},"Patterns":null},"materialdesignicons-webfont.woff2":{"Children":null,"Asset":{"ContentRootIndex":0,"SubPath":"Scripts/vue-apps/questionnaire/fonts/materialdesignicons-webfont.woff2"},"Patterns":null}},"Asset":null,"Patterns":null},"js":{"Children":{"app.js":{"Children":null,"Asset":{"ContentRootIndex":0,"SubPath":"Scripts/vue-apps/questionnaire/js/app.js"},"Patterns":null},"app.js.map":{"Children":null,"Asset":{"ContentRootIndex":0,"SubPath":"Scripts/vue-apps/questionnaire/js/app.js.map"},"Patterns":null},"chunk-vendors.js":{"Children":null,"Asset":{"ContentRootIndex":0,"SubPath":"Scripts/vue-apps/questionnaire/js/chunk-vendors.js"},"Patterns":null},"chunk-vendors.js.map":{"Children":null,"Asset":{"ContentRootIndex":0,"SubPath":"Scripts/vue-apps/questionnaire/js/chunk-vendors.js.map"},"Patterns":null}},"Asset":null,"Patterns":null},"tmp.html":{"Children":null,"Asset":{"ContentRootIndex":0,"SubPath":"Scripts/vue-apps/questionnaire/tmp.html"},"Patterns":null}},"Asset":null,"Patterns":null},"questionnairеEdit":{"Children":{"css":{"Children":{"app.css":{"Children":null,"Asset":{"ContentRootIndex":0,"SubPath":"Scripts/vue-apps/questionnairеEdit/css/app.css"},"Patterns":null},"chunk-vendors.css":{"Children":null,"Asset":{"ContentRootIndex":0,"SubPath":"Scripts/vue-apps/questionnairеEdit/css/chunk-vendors.css"},"Patterns":null}},"Asset":null,"Patterns":null},"favicon.ico":{"Children":null,"Asset":{"ContentRootIndex":0,"SubPath":"Scripts/vue-apps/questionnairеEdit/favicon.ico"},"Patterns":null},"fonts":{"Children":{"materialdesignicons-webfont.eot":{"Children":null,"Asset":{"ContentRootIndex":0,"SubPath":"Scripts/vue-apps/questionnairеEdit/fonts/materialdesignicons-webfont.eot"},"Patterns":null},"materialdesignicons-webfont.ttf":{"Children":null,"Asset":{"ContentRootIndex":0,"SubPath":"Scripts/vue-apps/questionnairеEdit/fonts/materialdesignicons-webfont.ttf"},"Patterns":null},"materialdesignicons-webfont.woff":{"Children":null,"Asset":{"ContentRootIndex":0,"SubPath":"Scripts/vue-apps/questionnairеEdit/fonts/materialdesignicons-webfont.woff"},"Patterns":null},"materialdesignicons-webfont.woff2":{"Children":null,"Asset":{"ContentRootIndex":0,"SubPath":"Scripts/vue-apps/questionnairеEdit/fonts/materialdesignicons-webfont.woff2"},"Patterns":null}},"Asset":null,"Patterns":null},"img":{"Children":{"loading.gif":{"Children":null,"Asset":{"ContentRootIndex":0,"SubPath":"Scripts/vue-apps/questionnairеEdit/img/loading.gif"},"Patterns":null}},"Asset":null,"Patterns":null},"js":{"Children":{"app.js":{"Children":null,"Asset":{"ContentRootIndex":0,"SubPath":"Scripts/vue-apps/questionnairеEdit/js/app.js"},"Patterns":null},"app.js.map":{"Children":null,"Asset":{"ContentRootIndex":0,"SubPath":"Scripts/vue-apps/questionnairеEdit/js/app.js.map"},"Patterns":null},"chunk-vendors.js":{"Children":null,"Asset":{"ContentRootIndex":0,"SubPath":"Scripts/vue-apps/questionnairеEdit/js/chunk-vendors.js"},"Patterns":null},"chunk-vendors.js.map":{"Children":null,"Asset":{"ContentRootIndex":0,"SubPath":"Scripts/vue-apps/questionnairеEdit/js/chunk-vendors.js.map"},"Patterns":null}},"Asset":null,"Patterns":null},"tmp.html":{"Children":null,"Asset":{"ContentRootIndex":0,"SubPath":"Scripts/vue-apps/questionnairеEdit/tmp.html"},"Patterns":null}},"Asset":null,"Patterns":null}},"Asset":null,"Patterns":null}},"Asset":null,"Patterns":null},"MVC.styles.css":{"Children":null,"Asset":{"ContentRootIndex":1,"SubPath":"MVC.styles.css"},"Patterns":null}},"Asset":null,"Patterns":[{"ContentRootIndex":0,"Pattern":"**","Depth":0}]}}